impact_link_id,event_name,event_date,related_indicator,months_after_event,modeled_effect,final_effect_score,lag_months
IMP_0001,Telebirr Launch,2021-05-17,ACC_OWNERSHIP,0,0.0,1.9124999999999999,12.0
IMP_0001,Telebirr Launch,2021-05-17,ACC_OWNERSHIP,1,0.1529150570214192,1.9124999999999999,12.0
IMP_0001,Telebirr Launch,2021-05-17,ACC_OWNERSHIP,2,0.2936037011467005,1.9124999999999999,12.0
IMP_0001,Telebirr Launch,2021-05-17,ACC_OWNERSHIP,3,0.42304350237593813,1.9124999999999999,12.0
IMP_0001,Telebirr Launch,2021-05-17,ACC_OWNERSHIP,4,0.542133868527628,1.9124999999999999,12.0
IMP_0001,Telebirr Launch,2021-05-17,ACC_OWNERSHIP,5,0.6517022947416512,1.9124999999999999,12.0
IMP_0001,Telebirr Launch,2021-05-17,ACC_OWNERSHIP,6,0.7525101132995885,1.9124999999999999,12.0
IMP_0001,Telebirr Launch,2021-05-17,ACC_OWNERSHIP,7,0.8452577837147849,1.9124999999999999,12.0
IMP_0001,Telebirr Launch,2021-05-17,ACC_OWNERSHIP,8,0.9305897598501677,1.9124999999999999,12.0
IMP_0001,Telebirr Launch,2021-05-17,ACC_OWNERSHIP,9,1.0090989678828093,1.9124999999999999,12.0
IMP_0001,Telebirr Launch,2021-05-17,ACC_OWNERSHIP,10,1.0813309262302129,1.9124999999999999,12.0
IMP_0001,Telebirr Launch,2021-05-17,ACC_OWNERSHIP,11,1.1477875360654795,1.9124999999999999,12.0
IMP_0001,Telebirr Launch,2021-05-17,ACC_OWNERSHIP,12,1.2089305687596164,1.9124999999999999,12.0
IMP_0001,Telebirr Launch,2021-05-17,ACC_OWNERSHIP,13,1.2651848744833554,1.9124999999999999,12.0
IMP_0001,Telebirr Launch,2021-05-17,ACC_OWNERSHIP,14,1.316941334263332,1.9124999999999999,12.0
IMP_0001,Telebirr Launch,2021-05-17,ACC_OWNERSHIP,15,1.3645595760048863,1.9124999999999999,12.0
IMP_0001,Telebirr Launch,2021-05-17,ACC_OWNERSHIP,16,1.4083704733536726,1.9124999999999999,12.0
IMP_0001,Telebirr Launch,2021-05-17,ACC_OWNERSHIP,17,1.448678444759322,1.9124999999999999,12.0
IMP_0001,Telebirr Launch,2021-05-17,ACC_OWNERSHIP,18,1.485763568716128,1.9124999999999999,12.0
IMP_0001,Telebirr Launch,2021-05-17,ACC_OWNERSHIP,19,1.5198835298784235,1.9124999999999999,12.0
IMP_0001,Telebirr Launch,2021-05-17,ACC_OWNERSHIP,20,1.551275409573163,1.9124999999999999,12.0
IMP_0001,Telebirr Launch,2021-05-17,ACC_OWNERSHIP,21,1.5801573331510235,1.9124999999999999,12.0
IMP_0001,Telebirr Launch,2021-05-17,ACC_OWNERSHIP,22,1.6067299856225854,1.9124999999999999,12.0
IMP_0001,Telebirr Launch,2021-05-17,ACC_OWNERSHIP,23,1.6311780061109318,1.9124999999999999,12.0
IMP_0001,Telebirr Launch,2021-05-17,ACC_OWNERSHIP,24,1.6536712708099781,1.9124999999999999,12.0
IMP_0001,Telebirr Launch,2021-05-17,ACC_OWNERSHIP,25,1.6743660733631147,1.9124999999999999,12.0
IMP_0001,Telebirr Launch,2021-05-17,ACC_OWNERSHIP,26,1.6934062108639847,1.9124999999999999,12.0
IMP_0001,Telebirr Launch,2021-05-17,ACC_OWNERSHIP,27,1.7109239830254344,1.9124999999999999,12.0
IMP_0001,Telebirr Launch,2021-05-17,ACC_OWNERSHIP,28,1.7270411114593252,1.9124999999999999,12.0
IMP_0001,Telebirr Launch,2021-05-17,ACC_OWNERSHIP,29,1.7418695854547899,1.9124999999999999,12.0
IMP_0001,Telebirr Launch,2021-05-17,ACC_OWNERSHIP,30,1.7555124401317934,1.9124999999999999,12.0
IMP_0001,Telebirr Launch,2021-05-17,ACC_OWNERSHIP,31,1.76806447237697,1.9124999999999999,12.0
IMP_0001,Telebirr Launch,2021-05-17,ACC_OWNERSHIP,32,1.779612899536392,1.9124999999999999,12.0
IMP_0001,Telebirr Launch,2021-05-17,ACC_OWNERSHIP,33,1.7902379654421716,1.9124999999999999,12.0
IMP_0001,Telebirr Launch,2021-05-17,ACC_OWNERSHIP,34,1.8000134979838527,1.9124999999999999,12.0
IMP_0001,Telebirr Launch,2021-05-17,ACC_OWNERSHIP,35,1.8090074220988535,1.9124999999999999,12.0
IMP_0001,Telebirr Launch,2021-05-17,ACC_OWNERSHIP,36,1.81728223174646,1.9124999999999999,12.0
IMP_0002,Telebirr Launch,2021-05-17,USG_TELEBIRR_USERS,0,0.0,3.0,3.0
IMP_0002,Telebirr Launch,2021-05-17,USG_TELEBIRR_USERS,1,0.8504060682786322,3.0,3.0
IMP_0002,Telebirr Launch,2021-05-17,USG_TELEBIRR_USERS,2,1.459748642902224,3.0,3.0
IMP_0002,Telebirr Launch,2021-05-17,USG_TELEBIRR_USERS,3,1.896361676485673,3.0,3.0
IMP_0002,Telebirr Launch,2021-05-17,USG_TELEBIRR_USERS,4,2.20920858565282,3.0,3.0
IMP_0002,Telebirr Launch,2021-05-17,USG_TELEBIRR_USERS,5,2.4333731914873145,3.0,3.0
IMP_0002,Telebirr Launch,2021-05-17,USG_TELEBIRR_USERS,6,2.593994150290162,3.0,3.0
IMP_0002,Telebirr Launch,2021-05-17,USG_TELEBIRR_USERS,7,2.7090840964067846,3.0,3.0
IMP_0002,Telebirr Launch,2021-05-17,USG_TELEBIRR_USERS,8,2.791549646331595,3.0,3.0
IMP_0002,Telebirr Launch,2021-05-17,USG_TELEBIRR_USERS,9,2.8506387948964083,3.0,3.0
IMP_0002,Telebirr Launch,2021-05-17,USG_TELEBIRR_USERS,10,2.892978019958243,3.0,3.0
IMP_0002,Telebirr Launch,2021-05-17,USG_TELEBIRR_USERS,11,2.9233154003804778,3.0,3.0
IMP_0002,Telebirr Launch,2021-05-17,USG_TELEBIRR_USERS,12,2.9450530833337973,3.0,3.0
IMP_0002,Telebirr Launch,2021-05-17,USG_TELEBIRR_USERS,13,2.960628813789177,3.0,3.0
IMP_0002,Telebirr Launch,2021-05-17,USG_TELEBIRR_USERS,14,2.971789312345514,3.0,3.0
IMP_0002,Telebirr Launch,2021-05-17,USG_TELEBIRR_USERS,15,2.9797861590027437,3.0,3.0
IMP_0002,Telebirr Launch,2021-05-17,USG_TELEBIRR_USERS,16,2.9855161500185057,3.0,3.0
IMP_0002,Telebirr Launch,2021-05-17,USG_TELEBIRR_USERS,17,2.9896218679906057,3.0,3.0
IMP_0002,Telebirr Launch,2021-05-17,USG_TELEBIRR_USERS,18,2.9925637434700008,3.0,3.0
IMP_0002,Telebirr Launch,2021-05-17,USG_TELEBIRR_USERS,19,2.9946716893627965,3.0,3.0
IMP_0002,Telebirr Launch,2021-05-17,USG_TELEBIRR_USERS,20,2.9961820985959804,3.0,3.0
IMP_0002,Telebirr Launch,2021-05-17,USG_TELEBIRR_USERS,21,2.9972643541033364,3.0,3.0
IMP_0002,Telebirr Launch,2021-05-17,USG_TELEBIRR_USERS,22,2.998039824060398,3.0,3.0
IMP_0002,Telebirr Launch,2021-05-17,USG_TELEBIRR_USERS,23,2.9985954725650417,3.0,3.0
IMP_0002,Telebirr Launch,2021-05-17,USG_TELEBIRR_USERS,24,2.9989936121162923,3.0,3.0
IMP_0002,Telebirr Launch,2021-05-17,USG_TELEBIRR_USERS,25,2.9992788915707416,3.0,3.0
IMP_0002,Telebirr Launch,2021-05-17,USG_TELEBIRR_USERS,26,2.9994833032321173,3.0,3.0
IMP_0002,Telebirr Launch,2021-05-17,USG_TELEBIRR_USERS,27,2.99962977058774,3.0,3.0
IMP_0002,Telebirr Launch,2021-05-17,USG_TELEBIRR_USERS,28,2.9997347190340204,3.0,3.0
IMP_0002,Telebirr Launch,2021-05-17,USG_TELEBIRR_USERS,29,2.9998099178817763,3.0,3.0
IMP_0002,Telebirr Launch,2021-05-17,USG_TELEBIRR_USERS,30,2.9998638002107123,3.0,3.0
IMP_0002,Telebirr Launch,2021-05-17,USG_TELEBIRR_USERS,31,2.999902408586482,3.0,3.0
IMP_0002,Telebirr Launch,2021-05-17,USG_TELEBIRR_USERS,32,2.9999300726965714,3.0,3.0
IMP_0002,Telebirr Launch,2021-05-17,USG_TELEBIRR_USERS,33,2.9999498948976293,3.0,3.0
IMP_0002,Telebirr Launch,2021-05-17,USG_TELEBIRR_USERS,34,2.9999640981253317,3.0,3.0
IMP_0002,Telebirr Launch,2021-05-17,USG_TELEBIRR_USERS,35,2.999974275182692,3.0,3.0
IMP_0002,Telebirr Launch,2021-05-17,USG_TELEBIRR_USERS,36,2.9999815673629397,3.0,3.0
IMP_0003,Telebirr Launch,2021-05-17,USG_P2P_COUNT,0,0.0,2.25,6.0
IMP_0003,Telebirr Launch,2021-05-17,USG_P2P_COUNT,1,0.34541611899611824,2.25,6.0
IMP_0003,Telebirr Launch,2021-05-17,USG_P2P_COUNT,2,0.6378045512089742,2.25,6.0
IMP_0003,Telebirr Launch,2021-05-17,USG_P2P_COUNT,3,0.8853060156465749,2.25,6.0
IMP_0003,Telebirr Launch,2021-05-17,USG_P2P_COUNT,4,1.094811482176668,2.25,6.0
IMP_0003,Telebirr Launch,2021-05-17,USG_P2P_COUNT,5,1.272154030859074,2.25,6.0
IMP_0003,Telebirr Launch,2021-05-17,USG_P2P_COUNT,6,1.4222712573642546,2.25,6.0
IMP_0003,Telebirr Launch,2021-05-17,USG_P2P_COUNT,7,1.5493427461921554,2.25,6.0
IMP_0003,Telebirr Launch,2021-05-17,USG_P2P_COUNT,8,1.656906439239615,2.25,6.0
IMP_0003,Telebirr Launch,2021-05-17,USG_P2P_COUNT,9,1.747957139666033,2.25,6.0
IMP_0003,Telebirr Launch,2021-05-17,USG_P2P_COUNT,10,1.825029893615486,2.25,6.0
IMP_0003,Telebirr Launch,2021-05-17,USG_P2P_COUNT,11,1.8902705713206887,2.25,6.0
IMP_0003,Telebirr Launch,2021-05-17,USG_P2P_COUNT,12,1.9454956127176215,2.25,6.0
IMP_0003,Telebirr Launch,2021-05-17,USG_P2P_COUNT,13,1.9922426010164527,2.25,6.0
IMP_0003,Telebirr Launch,2021-05-17,USG_P2P_COUNT,14,2.0318130723050887,2.25,6.0
IMP_0003,Telebirr Launch,2021-05-17,USG_P2P_COUNT,15,2.0653087530962275,2.25,6.0
IMP_0003,Telebirr Launch,2021-05-17,USG_P2P_COUNT,16,2.0936622347486966,2.25,6.0
IMP_0003,Telebirr Launch,2021-05-17,USG_P2P_COUNT,17,2.117662938804533,2.25,6.0
IMP_0003,Telebirr Launch,2021-05-17,USG_P2P_COUNT,18,2.137979096172306,2.25,6.0
IMP_0003,Telebirr Launch,2021-05-17,USG_P2P_COUNT,19,2.155176352104128,2.25,6.0
IMP_0003,Telebirr Launch,2021-05-17,USG_P2P_COUNT,20,2.1697335149686823,2.25,6.0
IMP_0003,Telebirr Launch,2021-05-17,USG_P2P_COUNT,21,2.1820558872997835,2.25,6.0
IMP_0003,Telebirr Launch,2021-05-17,USG_P2P_COUNT,22,2.1924865502853583,2.25,6.0
IMP_0003,Telebirr Launch,2021-05-17,USG_P2P_COUNT,23,2.2013159158811404,2.25,6.0
IMP_0003,Telebirr Launch,2021-05-17,USG_P2P_COUNT,24,2.2087898125003482,2.25,6.0
IMP_0003,Telebirr Launch,2021-05-17,USG_P2P_COUNT,25,2.215116329402229,2.25,6.0
IMP_0003,Telebirr Launch,2021-05-17,USG_P2P_COUNT,26,2.2204716103418827,2.25,6.0
IMP_0003,Telebirr Launch,2021-05-17,USG_P2P_COUNT,27,2.225004757788955,2.25,6.0
IMP_0003,Telebirr Launch,2021-05-17,USG_P2P_COUNT,28,2.2288419842591356,2.25,6.0
IMP_0003,Telebirr Launch,2021-05-17,USG_P2P_COUNT,29,2.2320901263404105,2.25,6.0
IMP_0003,Telebirr Launch,2021-05-17,USG_P2P_COUNT,30,2.2348396192520577,2.25,6.0
IMP_0003,Telebirr Launch,2021-05-17,USG_P2P_COUNT,31,2.2371670147544833,2.25,6.0
IMP_0003,Telebirr Launch,2021-05-17,USG_P2P_COUNT,32,2.2391371125138795,2.25,6.0
IMP_0003,Telebirr Launch,2021-05-17,USG_P2P_COUNT,33,2.240804764263456,2.25,6.0
IMP_0003,Telebirr Launch,2021-05-17,USG_P2P_COUNT,34,2.2422164009929544,2.25,6.0
IMP_0003,Telebirr Launch,2021-05-17,USG_P2P_COUNT,35,2.243411325686659,2.25,6.0
IMP_0003,Telebirr Launch,2021-05-17,USG_P2P_COUNT,36,2.2444228076025006,2.25,6.0
IMP_0004,Safaricom Ethiopia Commercial Launch,2022-08-01,ACC_4G_COV,0,0.0,1.5,12.0
IMP_0004,Safaricom Ethiopia Commercial Launch,2022-08-01,ACC_4G_COV,1,0.11993337805601506,1.5,12.0
IMP_0004,Safaricom Ethiopia Commercial Launch,2022-08-01,ACC_4G_COV,2,0.2302774126640788,1.5,12.0
IMP_0004,Safaricom Ethiopia Commercial Launch,2022-08-01,ACC_4G_COV,3,0.3317988253928927,1.5,12.0
IMP_0004,Safaricom Ethiopia Commercial Launch,2022-08-01,ACC_4G_COV,4,0.4252030341393161,1.5,12.0
IMP_0004,Safaricom Ethiopia Commercial Launch,2022-08-01,ACC_4G_COV,5,0.5111390546993344,1.5,12.0
IMP_0004,Safaricom Ethiopia Commercial Launch,2022-08-01,ACC_4G_COV,6,0.5902040104310499,1.5,12.0
IMP_0004,Safaricom Ethiopia Commercial Launch,2022-08-01,ACC_4G_COV,7,0.6629472813449293,1.5,12.0
IMP_0004,Safaricom Ethiopia Commercial Launch,2022-08-01,ACC_4G_COV,8,0.729874321451112,1.5,12.0
IMP_0004,Safaricom Ethiopia Commercial Launch,2022-08-01,ACC_4G_COV,9,0.791450170888478,1.5,12.0
IMP_0004,Safaricom Ethiopia Commercial Launch,2022-08-01,ACC_4G_COV,10,0.8481026872393826,1.5,12.0
IMP_0004,Safaricom Ethiopia Commercial Launch,2022-08-01,ACC_4G_COV,11,0.900225518482729,1.5,12.0
IMP_0004,Safaricom Ethiopia Commercial Launch,2022-08-01,ACC_4G_COV,12,0.9481808382428365,1.5,12.0
IMP_0004,Safaricom Ethiopia Commercial Launch,2022-08-01,ACC_4G_COV,13,0.9923018623398866,1.5,12.0
IMP_0004,Safaricom Ethiopia Commercial Launch,2022-08-01,ACC_4G_COV,14,1.0328951641281034,1.5,12.0
IMP_0004,Safaricom Ethiopia Commercial Launch,2022-08-01,ACC_4G_COV,15,1.0702428047097148,1.5,12.0
IMP_0004,Safaricom Ethiopia Commercial Launch,2022-08-01,ACC_4G_COV,16,1.10460429282641,1.5,12.0
IMP_0004,Safaricom Ethiopia Commercial Launch,2022-08-01,ACC_4G_COV,17,1.136218388046527,1.5,12.0
IMP_0004,Safaricom Ethiopia Commercial Launch,2022-08-01,ACC_4G_COV,18,1.1653047597773554,1.5,12.0
IMP_0004,Safaricom Ethiopia Commercial Launch,2022-08-01,ACC_4G_COV,19,1.1920655136301361,1.5,12.0
IMP_0004,Safaricom Ethiopia Commercial Launch,2022-08-01,ACC_4G_COV,20,1.2166865957436572,1.5,12.0
IMP_0004,Safaricom Ethiopia Commercial Launch,2022-08-01,ACC_4G_COV,21,1.2393390848243322,1.5,12.0
IMP_0004,Safaricom Ethiopia Commercial Launch,2022-08-01,ACC_4G_COV,22,1.2601803808804592,1.5,12.0
IMP_0004,Safaricom Ethiopia Commercial Launch,2022-08-01,ACC_4G_COV,23,1.2793552989105348,1.5,12.0
IMP_0004,Safaricom Ethiopia Commercial Launch,2022-08-01,ACC_4G_COV,24,1.296997075145081,1.5,12.0
IMP_0004,Safaricom Ethiopia Commercial Launch,2022-08-01,ACC_4G_COV,25,1.3132282928338155,1.5,12.0
IMP_0004,Safaricom Ethiopia Commercial Launch,2022-08-01,ACC_4G_COV,26,1.3281617340109686,1.5,12.0
IMP_0004,Safaricom Ethiopia Commercial Launch,2022-08-01,ACC_4G_COV,27,1.3419011631572035,1.5,12.0
IMP_0004,Safaricom Ethiopia Commercial Launch,2022-08-01,ACC_4G_COV,28,1.3545420482033923,1.5,12.0
IMP_0004,Safaricom Ethiopia Commercial Launch,2022-08-01,ACC_4G_COV,29,1.3661722238861098,1.5,12.0
IMP_0004,Safaricom Ethiopia Commercial Launch,2022-08-01,ACC_4G_COV,30,1.3768725020641517,1.5,12.0
IMP_0004,Safaricom Ethiopia Commercial Launch,2022-08-01,ACC_4G_COV,31,1.3867172332368394,1.5,12.0
IMP_0004,Safaricom Ethiopia Commercial Launch,2022-08-01,ACC_4G_COV,32,1.3957748231657976,1.5,12.0
IMP_0004,Safaricom Ethiopia Commercial Launch,2022-08-01,ACC_4G_COV,33,1.4041082081899385,1.5,12.0
IMP_0004,Safaricom Ethiopia Commercial Launch,2022-08-01,ACC_4G_COV,34,1.4117752925363551,1.5,12.0
IMP_0004,Safaricom Ethiopia Commercial Launch,2022-08-01,ACC_4G_COV,35,1.4188293506657677,1.5,12.0
IMP_0004,Safaricom Ethiopia Commercial Launch,2022-08-01,ACC_4G_COV,36,1.4253193974482041,1.5,12.0
IMP_0005,Safaricom Ethiopia Commercial Launch,2022-08-01,AFF_DATA_INCOME,0,-0.0,-1.275,12.0
IMP_0005,Safaricom Ethiopia Commercial Launch,2022-08-01,AFF_DATA_INCOME,1,-0.10194337134761279,-1.275,12.0
IMP_0005,Safaricom Ethiopia Commercial Launch,2022-08-01,AFF_DATA_INCOME,2,-0.19573580076446698,-1.275,12.0
IMP_0005,Safaricom Ethiopia Commercial Launch,2022-08-01,AFF_DATA_INCOME,3,-0.28202900158395877,-1.275,12.0
IMP_0005,Safaricom Ethiopia Commercial Launch,2022-08-01,AFF_DATA_INCOME,4,-0.3614225790184187,-1.275,12.0
IMP_0005,Safaricom Ethiopia Commercial Launch,2022-08-01,AFF_DATA_INCOME,5,-0.4344681964944342,-1.275,12.0
IMP_0005,Safaricom Ethiopia Commercial Launch,2022-08-01,AFF_DATA_INCOME,6,-0.5016734088663923,-1.275,12.0
IMP_0005,Safaricom Ethiopia Commercial Launch,2022-08-01,AFF_DATA_INCOME,7,-0.5635051891431899,-1.275,12.0
IMP_0005,Safaricom Ethiopia Commercial Launch,2022-08-01,AFF_DATA_INCOME,8,-0.6203931732334451,-1.275,12.0
IMP_0005,Safaricom Ethiopia Commercial Launch,2022-08-01,AFF_DATA_INCOME,9,-0.6727326452552063,-1.275,12.0
IMP_0005,Safaricom Ethiopia Commercial Launch,2022-08-01,AFF_DATA_INCOME,10,-0.7208872841534752,-1.275,12.0
IMP_0005,Safaricom Ethiopia Commercial Launch,2022-08-01,AFF_DATA_INCOME,11,-0.7651916907103197,-1.275,12.0
IMP_0005,Safaricom Ethiopia Commercial Launch,2022-08-01,AFF_DATA_INCOME,12,-0.805953712506411,-1.275,12.0
IMP_0005,Safaricom Ethiopia Commercial Launch,2022-08-01,AFF_DATA_INCOME,13,-0.8434565829889036,-1.275,12.0
IMP_0005,Safaricom Ethiopia Commercial Launch,2022-08-01,AFF_DATA_INCOME,14,-0.877960889508888,-1.275,12.0
IMP_0005,Safaricom Ethiopia Commercial Launch,2022-08-01,AFF_DATA_INCOME,15,-0.9097063840032575,-1.275,12.0
IMP_0005,Safaricom Ethiopia Commercial Launch,2022-08-01,AFF_DATA_INCOME,16,-0.9389136489024483,-1.275,12.0
IMP_0005,Safaricom Ethiopia Commercial Launch,2022-08-01,AFF_DATA_INCOME,17,-0.9657856298395479,-1.275,12.0
IMP_0005,Safaricom Ethiopia Commercial Launch,2022-08-01,AFF_DATA_INCOME,18,-0.9905090458107519,-1.275,12.0
IMP_0005,Safaricom Ethiopia Commercial Launch,2022-08-01,AFF_DATA_INCOME,19,-1.0132556865856157,-1.275,12.0
IMP_0005,Safaricom Ethiopia Commercial Launch,2022-08-01,AFF_DATA_INCOME,20,-1.0341836063821086,-1.275,12.0
IMP_0005,Safaricom Ethiopia Commercial Launch,2022-08-01,AFF_DATA_INCOME,21,-1.0534382221006824,-1.275,12.0
IMP_0005,Safaricom Ethiopia Commercial Launch,2022-08-01,AFF_DATA_INCOME,22,-1.0711533237483901,-1.275,12.0
IMP_0005,Safaricom Ethiopia Commercial Launch,2022-08-01,AFF_DATA_INCOME,23,-1.0874520040739546,-1.275,12.0
IMP_0005,Safaricom Ethiopia Commercial Launch,2022-08-01,AFF_DATA_INCOME,24,-1.1024475138733187,-1.275,12.0
IMP_0005,Safaricom Ethiopia Commercial Launch,2022-08-01,AFF_DATA_INCOME,25,-1.116244048908743,-1.275,12.0
IMP_0005,Safaricom Ethiopia Commercial Launch,2022-08-01,AFF_DATA_INCOME,26,-1.1289374739093232,-1.275,12.0
IMP_0005,Safaricom Ethiopia Commercial Launch,2022-08-01,AFF_DATA_INCOME,27,-1.140615988683623,-1.275,12.0
IMP_0005,Safaricom Ethiopia Commercial Launch,2022-08-01,AFF_DATA_INCOME,28,-1.1513607409728834,-1.275,12.0
IMP_0005,Safaricom Ethiopia Commercial Launch,2022-08-01,AFF_DATA_INCOME,29,-1.1612463903031933,-1.275,12.0
IMP_0005,Safaricom Ethiopia Commercial Launch,2022-08-01,AFF_DATA_INCOME,30,-1.1703416267545288,-1.275,12.0
IMP_0005,Safaricom Ethiopia Commercial Launch,2022-08-01,AFF_DATA_INCOME,31,-1.1787096482513133,-1.275,12.0
IMP_0005,Safaricom Ethiopia Commercial Launch,2022-08-01,AFF_DATA_INCOME,32,-1.186408599690928,-1.275,12.0
IMP_0005,Safaricom Ethiopia Commercial Launch,2022-08-01,AFF_DATA_INCOME,33,-1.1934919769614478,-1.275,12.0
IMP_0005,Safaricom Ethiopia Commercial Launch,2022-08-01,AFF_DATA_INCOME,34,-1.200008998655902,-1.275,12.0
IMP_0005,Safaricom Ethiopia Commercial Launch,2022-08-01,AFF_DATA_INCOME,35,-1.2060049480659023,-1.275,12.0
IMP_0005,Safaricom Ethiopia Commercial Launch,2022-08-01,AFF_DATA_INCOME,36,-1.2115214878309735,-1.275,12.0
IMP_0006,M-Pesa Ethiopia Launch,2023-08-01,USG_MPESA_USERS,0,0.0,3.0,3.0
IMP_0006,M-Pesa Ethiopia Launch,2023-08-01,USG_MPESA_USERS,1,0.8504060682786322,3.0,3.0
IMP_0006,M-Pesa Ethiopia Launch,2023-08-01,USG_MPESA_USERS,2,1.459748642902224,3.0,3.0
IMP_0006,M-Pesa Ethiopia Launch,2023-08-01,USG_MPESA_USERS,3,1.896361676485673,3.0,3.0
IMP_0006,M-Pesa Ethiopia Launch,2023-08-01,USG_MPESA_USERS,4,2.20920858565282,3.0,3.0
IMP_0006,M-Pesa Ethiopia Launch,2023-08-01,USG_MPESA_USERS,5,2.4333731914873145,3.0,3.0
IMP_0006,M-Pesa Ethiopia Launch,2023-08-01,USG_MPESA_USERS,6,2.593994150290162,3.0,3.0
IMP_0006,M-Pesa Ethiopia Launch,2023-08-01,USG_MPESA_USERS,7,2.7090840964067846,3.0,3.0
IMP_0006,M-Pesa Ethiopia Launch,2023-08-01,USG_MPESA_USERS,8,2.791549646331595,3.0,3.0
IMP_0006,M-Pesa Ethiopia Launch,2023-08-01,USG_MPESA_USERS,9,2.8506387948964083,3.0,3.0
IMP_0006,M-Pesa Ethiopia Launch,2023-08-01,USG_MPESA_USERS,10,2.892978019958243,3.0,3.0
IMP_0006,M-Pesa Ethiopia Launch,2023-08-01,USG_MPESA_USERS,11,2.9233154003804778,3.0,3.0
IMP_0006,M-Pesa Ethiopia Launch,2023-08-01,USG_MPESA_USERS,12,2.9450530833337973,3.0,3.0
IMP_0006,M-Pesa Ethiopia Launch,2023-08-01,USG_MPESA_USERS,13,2.960628813789177,3.0,3.0
IMP_0006,M-Pesa Ethiopia Launch,2023-08-01,USG_MPESA_USERS,14,2.971789312345514,3.0,3.0
IMP_0006,M-Pesa Ethiopia Launch,2023-08-01,USG_MPESA_USERS,15,2.9797861590027437,3.0,3.0
IMP_0006,M-Pesa Ethiopia Launch,2023-08-01,USG_MPESA_USERS,16,2.9855161500185057,3.0,3.0
IMP_0006,M-Pesa Ethiopia Launch,2023-08-01,USG_MPESA_USERS,17,2.9896218679906057,3.0,3.0
IMP_0006,M-Pesa Ethiopia Launch,2023-08-01,USG_MPESA_USERS,18,2.9925637434700008,3.0,3.0
IMP_0006,M-Pesa Ethiopia Launch,2023-08-01,USG_MPESA_USERS,19,2.9946716893627965,3.0,3.0
IMP_0006,M-Pesa Ethiopia Launch,2023-08-01,USG_MPESA_USERS,20,2.9961820985959804,3.0,3.0
IMP_0006,M-Pesa Ethiopia Launch,2023-08-01,USG_MPESA_USERS,21,2.9972643541033364,3.0,3.0
IMP_0006,M-Pesa Ethiopia Launch,2023-08-01,USG_MPESA_USERS,22,2.998039824060398,3.0,3.0
IMP_0006,M-Pesa Ethiopia Launch,2023-08-01,USG_MPESA_USERS,23,2.9985954725650417,3.0,3.0
IMP_0006,M-Pesa Ethiopia Launch,2023-08-01,USG_MPESA_USERS,24,2.9989936121162923,3.0,3.0
IMP_0006,M-Pesa Ethiopia Launch,2023-08-01,USG_MPESA_USERS,25,2.9992788915707416,3.0,3.0
IMP_0006,M-Pesa Ethiopia Launch,2023-08-01,USG_MPESA_USERS,26,2.9994833032321173,3.0,3.0
IMP_0006,M-Pesa Ethiopia Launch,2023-08-01,USG_MPESA_USERS,27,2.99962977058774,3.0,3.0
IMP_0006,M-Pesa Ethiopia Launch,2023-08-01,USG_MPESA_USERS,28,2.9997347190340204,3.0,3.0
IMP_0006,M-Pesa Ethiopia Launch,2023-08-01,USG_MPESA_USERS,29,2.9998099178817763,3.0,3.0
IMP_0006,M-Pesa Ethiopia Launch,2023-08-01,USG_MPESA_USERS,30,2.9998638002107123,3.0,3.0
IMP_0006,M-Pesa Ethiopia Launch,2023-08-01,USG_MPESA_USERS,31,2.999902408586482,3.0,3.0
IMP_0006,M-Pesa Ethiopia Launch,2023-08-01,USG_MPESA_USERS,32,2.9999300726965714,3.0,3.0
IMP_0006,M-Pesa Ethiopia Launch,2023-08-01,USG_MPESA_USERS,33,2.9999498948976293,3.0,3.0
IMP_0006,M-Pesa Ethiopia Launch,2023-08-01,USG_MPESA_USERS,34,2.9999640981253317,3.0,3.0
IMP_0006,M-Pesa Ethiopia Launch,2023-08-01,USG_MPESA_USERS,35,2.999974275182692,3.0,3.0
IMP_0006,M-Pesa Ethiopia Launch,2023-08-01,USG_MPESA_USERS,36,2.9999815673629397,3.0,3.0
IMP_0007,M-Pesa Ethiopia Launch,2023-08-01,ACC_MM_ACCOUNT,0,0.0,0.9750000000000001,6.0
IMP_0007,M-Pesa Ethiopia Launch,2023-08-01,ACC_MM_ACCOUNT,1,0.14968031823165123,0.9750000000000001,6.0
IMP_0007,M-Pesa Ethiopia Launch,2023-08-01,ACC_MM_ACCOUNT,2,0.2763819721905555,0.9750000000000001,6.0
IMP_0007,M-Pesa Ethiopia Launch,2023-08-01,ACC_MM_ACCOUNT,3,0.38363260678018246,0.9750000000000001,6.0
IMP_0007,M-Pesa Ethiopia Launch,2023-08-01,ACC_MM_ACCOUNT,4,0.47441830894322284,0.9750000000000001,6.0
IMP_0007,M-Pesa Ethiopia Launch,2023-08-01,ACC_MM_ACCOUNT,5,0.5512667467055988,0.9750000000000001,6.0
IMP_0007,M-Pesa Ethiopia Launch,2023-08-01,ACC_MM_ACCOUNT,6,0.6163175448578437,0.9750000000000001,6.0
IMP_0007,M-Pesa Ethiopia Launch,2023-08-01,ACC_MM_ACCOUNT,7,0.6713818566832673,0.9750000000000001,6.0
IMP_0007,M-Pesa Ethiopia Launch,2023-08-01,ACC_MM_ACCOUNT,8,0.7179927903371666,0.9750000000000001,6.0
IMP_0007,M-Pesa Ethiopia Launch,2023-08-01,ACC_MM_ACCOUNT,9,0.757448093855281,0.9750000000000001,6.0
IMP_0007,M-Pesa Ethiopia Launch,2023-08-01,ACC_MM_ACCOUNT,10,0.7908462872333774,0.9750000000000001,6.0
IMP_0007,M-Pesa Ethiopia Launch,2023-08-01,ACC_MM_ACCOUNT,11,0.8191172475722985,0.9750000000000001,6.0
IMP_0007,M-Pesa Ethiopia Launch,2023-08-01,ACC_MM_ACCOUNT,12,0.8430480988443027,0.9750000000000001,6.0
IMP_0007,M-Pesa Ethiopia Launch,2023-08-01,ACC_MM_ACCOUNT,13,0.8633051271071296,0.9750000000000001,6.0
IMP_0007,M-Pesa Ethiopia Launch,2023-08-01,ACC_MM_ACCOUNT,14,0.8804523313322051,0.9750000000000001,6.0
IMP_0007,M-Pesa Ethiopia Launch,2023-08-01,ACC_MM_ACCOUNT,15,0.8949671263416987,0.9750000000000001,6.0
IMP_0007,M-Pesa Ethiopia Launch,2023-08-01,ACC_MM_ACCOUNT,16,0.9072536350577686,0.9750000000000001,6.0
IMP_0007,M-Pesa Ethiopia Launch,2023-08-01,ACC_MM_ACCOUNT,17,0.917653940148631,0.9750000000000001,6.0
IMP_0007,M-Pesa Ethiopia Launch,2023-08-01,ACC_MM_ACCOUNT,18,0.9264576083413327,0.9750000000000001,6.0
IMP_0007,M-Pesa Ethiopia Launch,2023-08-01,ACC_MM_ACCOUNT,19,0.9339097525784557,0.9750000000000001,6.0
IMP_0007,M-Pesa Ethiopia Launch,2023-08-01,ACC_MM_ACCOUNT,20,0.940217856486429,0.9750000000000001,6.0
IMP_0007,M-Pesa Ethiopia Launch,2023-08-01,ACC_MM_ACCOUNT,21,0.9455575511632396,0.9750000000000001,6.0
IMP_0007,M-Pesa Ethiopia Launch,2023-08-01,ACC_MM_ACCOUNT,22,0.9500775051236553,0.9750000000000001,6.0
IMP_0007,M-Pesa Ethiopia Launch,2023-08-01,ACC_MM_ACCOUNT,23,0.9539035635484943,0.9750000000000001,6.0
IMP_0007,M-Pesa Ethiopia Launch,2023-08-01,ACC_MM_ACCOUNT,24,0.9571422520834842,0.9750000000000001,6.0
IMP_0007,M-Pesa Ethiopia Launch,2023-08-01,ACC_MM_ACCOUNT,25,0.959883742740966,0.9750000000000001,6.0
IMP_0007,M-Pesa Ethiopia Launch,2023-08-01,ACC_MM_ACCOUNT,26,0.9622043644814826,0.9750000000000001,6.0
IMP_0007,M-Pesa Ethiopia Launch,2023-08-01,ACC_MM_ACCOUNT,27,0.9641687283752138,0.9750000000000001,6.0
IMP_0007,M-Pesa Ethiopia Launch,2023-08-01,ACC_MM_ACCOUNT,28,0.9658315265122922,0.9750000000000001,6.0
IMP_0007,M-Pesa Ethiopia Launch,2023-08-01,ACC_MM_ACCOUNT,29,0.9672390547475113,0.9750000000000001,6.0
IMP_0007,M-Pesa Ethiopia Launch,2023-08-01,ACC_MM_ACCOUNT,30,0.9684305016758917,0.9750000000000001,6.0
IMP_0007,M-Pesa Ethiopia Launch,2023-08-01,ACC_MM_ACCOUNT,31,0.9694390397269429,0.9750000000000001,6.0
IMP_0007,M-Pesa Ethiopia Launch,2023-08-01,ACC_MM_ACCOUNT,32,0.9702927487560145,0.9750000000000001,6.0
IMP_0007,M-Pesa Ethiopia Launch,2023-08-01,ACC_MM_ACCOUNT,33,0.9710153978474977,0.9750000000000001,6.0
IMP_0007,M-Pesa Ethiopia Launch,2023-08-01,ACC_MM_ACCOUNT,34,0.971627107096947,0.9750000000000001,6.0
IMP_0007,M-Pesa Ethiopia Launch,2023-08-01,ACC_MM_ACCOUNT,35,0.9721449077975524,0.9750000000000001,6.0
IMP_0007,M-Pesa Ethiopia Launch,2023-08-01,ACC_MM_ACCOUNT,36,0.9725832166277504,0.9750000000000001,6.0
IMP_0008,Fayda Digital ID Program Rollout,2024-01-01,ACC_OWNERSHIP,0,0.0,1.275,24.0
IMP_0008,Fayda Digital ID Program Rollout,2024-01-01,ACC_OWNERSHIP,1,0.052033442185848836,1.275,24.0
IMP_0008,Fayda Digital ID Program Rollout,2024-01-01,ACC_OWNERSHIP,2,0.10194337134761279,1.275,24.0
IMP_0008,Fayda Digital ID Program Rollout,2024-01-01,ACC_OWNERSHIP,3,0.1498164492046408,1.275,24.0
IMP_0008,Fayda Digital ID Program Rollout,2024-01-01,ACC_OWNERSHIP,4,0.19573580076446698,1.275,24.0
IMP_0008,Fayda Digital ID Program Rollout,2024-01-01,ACC_OWNERSHIP,5,0.23978115865794045,1.275,24.0
IMP_0008,Fayda Digital ID Program Rollout,2024-01-01,ACC_OWNERSHIP,6,0.28202900158395877,1.275,24.0
IMP_0008,Fayda Digital ID Program Rollout,2024-01-01,ACC_OWNERSHIP,7,0.32255268710419843,1.275,24.0
IMP_0008,Fayda Digital ID Program Rollout,2024-01-01,ACC_OWNERSHIP,8,0.3614225790184187,1.275,24.0
IMP_0008,Fayda Digital ID Program Rollout,2024-01-01,ACC_OWNERSHIP,9,0.3987061695415104,1.275,24.0
IMP_0008,Fayda Digital ID Program Rollout,2024-01-01,ACC_OWNERSHIP,10,0.4344681964944342,1.275,24.0
IMP_0008,Fayda Digital ID Program Rollout,2024-01-01,ACC_OWNERSHIP,11,0.4687707557125316,1.275,24.0
IMP_0008,Fayda Digital ID Program Rollout,2024-01-01,ACC_OWNERSHIP,12,0.5016734088663923,1.275,24.0
IMP_0008,Fayda Digital ID Program Rollout,2024-01-01,ACC_OWNERSHIP,13,0.5332332868824943,1.275,24.0
IMP_0008,Fayda Digital ID Program Rollout,2024-01-01,ACC_OWNERSHIP,14,0.5635051891431899,1.275,24.0
IMP_0008,Fayda Digital ID Program Rollout,2024-01-01,ACC_OWNERSHIP,15,0.5925416786382873,1.275,24.0
IMP_0008,Fayda Digital ID Program Rollout,2024-01-01,ACC_OWNERSHIP,16,0.6203931732334451,1.275,24.0
IMP_0008,Fayda Digital ID Program Rollout,2024-01-01,ACC_OWNERSHIP,17,0.6471080332138526,1.275,24.0
IMP_0008,Fayda Digital ID Program Rollout,2024-01-01,ACC_OWNERSHIP,18,0.6727326452552063,1.275,24.0
IMP_0008,Fayda Digital ID Program Rollout,2024-01-01,ACC_OWNERSHIP,19,0.6973115029677845,1.275,24.0
IMP_0008,Fayda Digital ID Program Rollout,2024-01-01,ACC_OWNERSHIP,20,0.7208872841534752,1.275,24.0
IMP_0008,Fayda Digital ID Program Rollout,2024-01-01,ACC_OWNERSHIP,21,0.7435009249099017,1.275,24.0
IMP_0008,Fayda Digital ID Program Rollout,2024-01-01,ACC_OWNERSHIP,22,0.7651916907103197,1.275,24.0
IMP_0008,Fayda Digital ID Program Rollout,2024-01-01,ACC_OWNERSHIP,23,0.7859972445827038,1.275,24.0
IMP_0008,Fayda Digital ID Program Rollout,2024-01-01,ACC_OWNERSHIP,24,0.805953712506411,1.275,24.0
IMP_0008,Fayda Digital ID Program Rollout,2024-01-01,ACC_OWNERSHIP,25,0.8250957461399676,1.275,24.0
IMP_0008,Fayda Digital ID Program Rollout,2024-01-01,ACC_OWNERSHIP,26,0.8434565829889036,1.275,24.0
IMP_0008,Fayda Digital ID Program Rollout,2024-01-01,ACC_OWNERSHIP,27,0.861068104118104,1.275,24.0
IMP_0008,Fayda Digital ID Program Rollout,2024-01-01,ACC_OWNERSHIP,28,0.877960889508888,1.275,24.0
IMP_0008,Fayda Digital ID Program Rollout,2024-01-01,ACC_OWNERSHIP,29,0.894164271156935,1.275,24.0
IMP_0008,Fayda Digital ID Program Rollout,2024-01-01,ACC_OWNERSHIP,30,0.9097063840032575,1.275,24.0
IMP_0008,Fayda Digital ID Program Rollout,2024-01-01,ACC_OWNERSHIP,31,0.9246142147866506,1.275,24.0
IMP_0008,Fayda Digital ID Program Rollout,2024-01-01,ACC_OWNERSHIP,32,0.9389136489024483,1.275,24.0
IMP_0008,Fayda Digital ID Program Rollout,2024-01-01,ACC_OWNERSHIP,33,0.9526295153489482,1.275,24.0
IMP_0008,Fayda Digital ID Program Rollout,2024-01-01,ACC_OWNERSHIP,34,0.9657856298395479,1.275,24.0
IMP_0008,Fayda Digital ID Program Rollout,2024-01-01,ACC_OWNERSHIP,35,0.9784048361554518,1.275,24.0
IMP_0008,Fayda Digital ID Program Rollout,2024-01-01,ACC_OWNERSHIP,36,0.9905090458107519,1.275,24.0
IMP_0009,Fayda Digital ID Program Rollout,2024-01-01,GEN_GAP_ACC,0,-0.0,-1.275,24.0
IMP_0009,Fayda Digital ID Program Rollout,2024-01-01,GEN_GAP_ACC,1,-0.052033442185848836,-1.275,24.0
IMP_0009,Fayda Digital ID Program Rollout,2024-01-01,GEN_GAP_ACC,2,-0.10194337134761279,-1.275,24.0
IMP_0009,Fayda Digital ID Program Rollout,2024-01-01,GEN_GAP_ACC,3,-0.1498164492046408,-1.275,24.0
IMP_0009,Fayda Digital ID Program Rollout,2024-01-01,GEN_GAP_ACC,4,-0.19573580076446698,-1.275,24.0
IMP_0009,Fayda Digital ID Program Rollout,2024-01-01,GEN_GAP_ACC,5,-0.23978115865794045,-1.275,24.0
IMP_0009,Fayda Digital ID Program Rollout,2024-01-01,GEN_GAP_ACC,6,-0.28202900158395877,-1.275,24.0
IMP_0009,Fayda Digital ID Program Rollout,2024-01-01,GEN_GAP_ACC,7,-0.32255268710419843,-1.275,24.0
IMP_0009,Fayda Digital ID Program Rollout,2024-01-01,GEN_GAP_ACC,8,-0.3614225790184187,-1.275,24.0
IMP_0009,Fayda Digital ID Program Rollout,2024-01-01,GEN_GAP_ACC,9,-0.3987061695415104,-1.275,24.0
IMP_0009,Fayda Digital ID Program Rollout,2024-01-01,GEN_GAP_ACC,10,-0.4344681964944342,-1.275,24.0
IMP_0009,Fayda Digital ID Program Rollout,2024-01-01,GEN_GAP_ACC,11,-0.4687707557125316,-1.275,24.0
IMP_0009,Fayda Digital ID Program Rollout,2024-01-01,GEN_GAP_ACC,12,-0.5016734088663923,-1.275,24.0
IMP_0009,Fayda Digital ID Program Rollout,2024-01-01,GEN_GAP_ACC,13,-0.5332332868824943,-1.275,24.0
IMP_0009,Fayda Digital ID Program Rollout,2024-01-01,GEN_GAP_ACC,14,-0.5635051891431899,-1.275,24.0
IMP_0009,Fayda Digital ID Program Rollout,2024-01-01,GEN_GAP_ACC,15,-0.5925416786382873,-1.275,24.0
IMP_0009,Fayda Digital ID Program Rollout,2024-01-01,GEN_GAP_ACC,16,-0.6203931732334451,-1.275,24.0
IMP_0009,Fayda Digital ID Program Rollout,2024-01-01,GEN_GAP_ACC,17,-0.6471080332138526,-1.275,24.0
IMP_0009,Fayda Digital ID Program Rollout,2024-01-01,GEN_GAP_ACC,18,-0.6727326452552063,-1.275,24.0
IMP_0009,Fayda Digital ID Program Rollout,2024-01-01,GEN_GAP_ACC,19,-0.6973115029677845,-1.275,24.0
IMP_0009,Fayda Digital ID Program Rollout,2024-01-01,GEN_GAP_ACC,20,-0.7208872841534752,-1.275,24.0
IMP_0009,Fayda Digital ID Program Rollout,2024-01-01,GEN_GAP_ACC,21,-0.7435009249099017,-1.275,24.0
IMP_0009,Fayda Digital ID Program Rollout,2024-01-01,GEN_GAP_ACC,22,-0.7651916907103197,-1.275,24.0
IMP_0009,Fayda Digital ID Program Rollout,2024-01-01,GEN_GAP_ACC,23,-0.7859972445827038,-1.275,24.0
IMP_0009,Fayda Digital ID Program Rollout,2024-01-01,GEN_GAP_ACC,24,-0.805953712506411,-1.275,24.0
IMP_0009,Fayda Digital ID Program Rollout,2024-01-01,GEN_GAP_ACC,25,-0.8250957461399676,-1.275,24.0
IMP_0009,Fayda Digital ID Program Rollout,2024-01-01,GEN_GAP_ACC,26,-0.8434565829889036,-1.275,24.0
IMP_0009,Fayda Digital ID Program Rollout,2024-01-01,GEN_GAP_ACC,27,-0.861068104118104,-1.275,24.0
IMP_0009,Fayda Digital ID Program Rollout,2024-01-01,GEN_GAP_ACC,28,-0.877960889508888,-1.275,24.0
IMP_0009,Fayda Digital ID Program Rollout,2024-01-01,GEN_GAP_ACC,29,-0.894164271156935,-1.275,24.0
IMP_0009,Fayda Digital ID Program Rollout,2024-01-01,GEN_GAP_ACC,30,-0.9097063840032575,-1.275,24.0
IMP_0009,Fayda Digital ID Program Rollout,2024-01-01,GEN_GAP_ACC,31,-0.9246142147866506,-1.275,24.0
IMP_0009,Fayda Digital ID Program Rollout,2024-01-01,GEN_GAP_ACC,32,-0.9389136489024483,-1.275,24.0
IMP_0009,Fayda Digital ID Program Rollout,2024-01-01,GEN_GAP_ACC,33,-0.9526295153489482,-1.275,24.0
IMP_0009,Fayda Digital ID Program Rollout,2024-01-01,GEN_GAP_ACC,34,-0.9657856298395479,-1.275,24.0
IMP_0009,Fayda Digital ID Program Rollout,2024-01-01,GEN_GAP_ACC,35,-0.9784048361554518,-1.275,24.0
IMP_0009,Fayda Digital ID Program Rollout,2024-01-01,GEN_GAP_ACC,36,-0.9905090458107519,-1.275,24.0
IMP_0010,Foreign Exchange Liberalization,2024-07-29,AFF_DATA_INCOME,0,0.0,3.0,3.0
IMP_0010,Foreign Exchange Liberalization,2024-07-29,AFF_DATA_INCOME,1,0.8504060682786322,3.0,3.0
IMP_0010,Foreign Exchange Liberalization,2024-07-29,AFF_DATA_INCOME,2,1.459748642902224,3.0,3.0
IMP_0010,Foreign Exchange Liberalization,2024-07-29,AFF_DATA_INCOME,3,1.896361676485673,3.0,3.0
IMP_0010,Foreign Exchange Liberalization,2024-07-29,AFF_DATA_INCOME,4,2.20920858565282,3.0,3.0
IMP_0010,Foreign Exchange Liberalization,2024-07-29,AFF_DATA_INCOME,5,2.4333731914873145,3.0,3.0
IMP_0010,Foreign Exchange Liberalization,2024-07-29,AFF_DATA_INCOME,6,2.593994150290162,3.0,3.0
IMP_0010,Foreign Exchange Liberalization,2024-07-29,AFF_DATA_INCOME,7,2.7090840964067846,3.0,3.0
IMP_0010,Foreign Exchange Liberalization,2024-07-29,AFF_DATA_INCOME,8,2.791549646331595,3.0,3.0
IMP_0010,Foreign Exchange Liberalization,2024-07-29,AFF_DATA_INCOME,9,2.8506387948964083,3.0,3.0
IMP_0010,Foreign Exchange Liberalization,2024-07-29,AFF_DATA_INCOME,10,2.892978019958243,3.0,3.0
IMP_0010,Foreign Exchange Liberalization,2024-07-29,AFF_DATA_INCOME,11,2.9233154003804778,3.0,3.0
IMP_0010,Foreign Exchange Liberalization,2024-07-29,AFF_DATA_INCOME,12,2.9450530833337973,3.0,3.0
IMP_0010,Foreign Exchange Liberalization,2024-07-29,AFF_DATA_INCOME,13,2.960628813789177,3.0,3.0
IMP_0010,Foreign Exchange Liberalization,2024-07-29,AFF_DATA_INCOME,14,2.971789312345514,3.0,3.0
IMP_0010,Foreign Exchange Liberalization,2024-07-29,AFF_DATA_INCOME,15,2.9797861590027437,3.0,3.0
IMP_0010,Foreign Exchange Liberalization,2024-07-29,AFF_DATA_INCOME,16,2.9855161500185057,3.0,3.0
IMP_0010,Foreign Exchange Liberalization,2024-07-29,AFF_DATA_INCOME,17,2.9896218679906057,3.0,3.0
IMP_0010,Foreign Exchange Liberalization,2024-07-29,AFF_DATA_INCOME,18,2.9925637434700008,3.0,3.0
IMP_0010,Foreign Exchange Liberalization,2024-07-29,AFF_DATA_INCOME,19,2.9946716893627965,3.0,3.0
IMP_0010,Foreign Exchange Liberalization,2024-07-29,AFF_DATA_INCOME,20,2.9961820985959804,3.0,3.0
IMP_0010,Foreign Exchange Liberalization,2024-07-29,AFF_DATA_INCOME,21,2.9972643541033364,3.0,3.0
IMP_0010,Foreign Exchange Liberalization,2024-07-29,AFF_DATA_INCOME,22,2.998039824060398,3.0,3.0
IMP_0010,Foreign Exchange Liberalization,2024-07-29,AFF_DATA_INCOME,23,2.9985954725650417,3.0,3.0
IMP_0010,Foreign Exchange Liberalization,2024-07-29,AFF_DATA_INCOME,24,2.9989936121162923,3.0,3.0
IMP_0010,Foreign Exchange Liberalization,2024-07-29,AFF_DATA_INCOME,25,2.9992788915707416,3.0,3.0
IMP_0010,Foreign Exchange Liberalization,2024-07-29,AFF_DATA_INCOME,26,2.9994833032321173,3.0,3.0
IMP_0010,Foreign Exchange Liberalization,2024-07-29,AFF_DATA_INCOME,27,2.99962977058774,3.0,3.0
IMP_0010,Foreign Exchange Liberalization,2024-07-29,AFF_DATA_INCOME,28,2.9997347190340204,3.0,3.0
IMP_0010,Foreign Exchange Liberalization,2024-07-29,AFF_DATA_INCOME,29,2.9998099178817763,3.0,3.0
IMP_0010,Foreign Exchange Liberalization,2024-07-29,AFF_DATA_INCOME,30,2.9998638002107123,3.0,3.0
IMP_0010,Foreign Exchange Liberalization,2024-07-29,AFF_DATA_INCOME,31,2.999902408586482,3.0,3.0
IMP_0010,Foreign Exchange Liberalization,2024-07-29,AFF_DATA_INCOME,32,2.9999300726965714,3.0,3.0
IMP_0010,Foreign Exchange Liberalization,2024-07-29,AFF_DATA_INCOME,33,2.9999498948976293,3.0,3.0
IMP_0010,Foreign Exchange Liberalization,2024-07-29,AFF_DATA_INCOME,34,2.9999640981253317,3.0,3.0
IMP_0010,Foreign Exchange Liberalization,2024-07-29,AFF_DATA_INCOME,35,2.999974275182692,3.0,3.0
IMP_0010,Foreign Exchange Liberalization,2024-07-29,AFF_DATA_INCOME,36,2.9999815673629397,3.0,3.0
IMP_0011,M-Pesa EthSwitch Integration,2025-10-27,USG_MPESA_ACTIVE,0,0.0,1.275,3.0
IMP_0011,M-Pesa EthSwitch Integration,2025-10-27,USG_MPESA_ACTIVE,1,0.3614225790184187,1.275,3.0
IMP_0011,M-Pesa EthSwitch Integration,2025-10-27,USG_MPESA_ACTIVE,2,0.6203931732334451,1.275,3.0
IMP_0011,M-Pesa EthSwitch Integration,2025-10-27,USG_MPESA_ACTIVE,3,0.805953712506411,1.275,3.0
IMP_0011,M-Pesa EthSwitch Integration,2025-10-27,USG_MPESA_ACTIVE,4,0.9389136489024483,1.275,3.0
IMP_0011,M-Pesa EthSwitch Integration,2025-10-27,USG_MPESA_ACTIVE,5,1.0341836063821086,1.275,3.0
IMP_0011,M-Pesa EthSwitch Integration,2025-10-27,USG_MPESA_ACTIVE,6,1.1024475138733187,1.275,3.0
IMP_0011,M-Pesa EthSwitch Integration,2025-10-27,USG_MPESA_ACTIVE,7,1.1513607409728834,1.275,3.0
IMP_0011,M-Pesa EthSwitch Integration,2025-10-27,USG_MPESA_ACTIVE,8,1.186408599690928,1.275,3.0
IMP_0011,M-Pesa EthSwitch Integration,2025-10-27,USG_MPESA_ACTIVE,9,1.2115214878309735,1.275,3.0
IMP_0011,M-Pesa EthSwitch Integration,2025-10-27,USG_MPESA_ACTIVE,10,1.229515658482253,1.275,3.0
IMP_0011,M-Pesa EthSwitch Integration,2025-10-27,USG_MPESA_ACTIVE,11,1.242409045161703,1.275,3.0
IMP_0011,M-Pesa EthSwitch Integration,2025-10-27,USG_MPESA_ACTIVE,12,1.2516475604168638,1.275,3.0
IMP_0011,M-Pesa EthSwitch Integration,2025-10-27,USG_MPESA_ACTIVE,13,1.2582672458604,1.275,3.0
IMP_0011,M-Pesa EthSwitch Integration,2025-10-27,USG_MPESA_ACTIVE,14,1.2630104577468435,1.275,3.0
IMP_0011,M-Pesa EthSwitch Integration,2025-10-27,USG_MPESA_ACTIVE,15,1.266409117576166,1.275,3.0
IMP_0011,M-Pesa EthSwitch Integration,2025-10-27,USG_MPESA_ACTIVE,16,1.2688443637578648,1.275,3.0
IMP_0011,M-Pesa EthSwitch Integration,2025-10-27,USG_MPESA_ACTIVE,17,1.2705892938960073,1.275,3.0
IMP_0011,M-Pesa EthSwitch Integration,2025-10-27,USG_MPESA_ACTIVE,18,1.2718395909747502,1.275,3.0
IMP_0011,M-Pesa EthSwitch Integration,2025-10-27,USG_MPESA_ACTIVE,19,1.2727354679791885,1.275,3.0
IMP_0011,M-Pesa EthSwitch Integration,2025-10-27,USG_MPESA_ACTIVE,20,1.2733773919032916,1.275,3.0
IMP_0011,M-Pesa EthSwitch Integration,2025-10-27,USG_MPESA_ACTIVE,21,1.273837350493918,1.275,3.0
IMP_0011,M-Pesa EthSwitch Integration,2025-10-27,USG_MPESA_ACTIVE,22,1.274166925225669,1.275,3.0
IMP_0011,M-Pesa EthSwitch Integration,2025-10-27,USG_MPESA_ACTIVE,23,1.2744030758401426,1.275,3.0
IMP_0011,M-Pesa EthSwitch Integration,2025-10-27,USG_MPESA_ACTIVE,24,1.2745722851494241,1.275,3.0
IMP_0011,M-Pesa EthSwitch Integration,2025-10-27,USG_MPESA_ACTIVE,25,1.2746935289175652,1.275,3.0
IMP_0011,M-Pesa EthSwitch Integration,2025-10-27,USG_MPESA_ACTIVE,26,1.2747804038736499,1.275,3.0
IMP_0011,M-Pesa EthSwitch Integration,2025-10-27,USG_MPESA_ACTIVE,27,1.2748426524997893,1.275,3.0
IMP_0011,M-Pesa EthSwitch Integration,2025-10-27,USG_MPESA_ACTIVE,28,1.2748872555894586,1.275,3.0
IMP_0011,M-Pesa EthSwitch Integration,2025-10-27,USG_MPESA_ACTIVE,29,1.2749192150997548,1.275,3.0
IMP_0011,M-Pesa EthSwitch Integration,2025-10-27,USG_MPESA_ACTIVE,30,1.2749421150895528,1.275,3.0
IMP_0011,M-Pesa EthSwitch Integration,2025-10-27,USG_MPESA_ACTIVE,31,1.2749585236492547,1.275,3.0
IMP_0011,M-Pesa EthSwitch Integration,2025-10-27,USG_MPESA_ACTIVE,32,1.2749702808960428,1.275,3.0
IMP_0011,M-Pesa EthSwitch Integration,2025-10-27,USG_MPESA_ACTIVE,33,1.2749787053314923,1.275,3.0
IMP_0011,M-Pesa EthSwitch Integration,2025-10-27,USG_MPESA_ACTIVE,34,1.274984741703266,1.275,3.0
IMP_0011,M-Pesa EthSwitch Integration,2025-10-27,USG_MPESA_ACTIVE,35,1.274989066952644,1.275,3.0
IMP_0011,M-Pesa EthSwitch Integration,2025-10-27,USG_MPESA_ACTIVE,36,1.2749921661292494,1.275,3.0
IMP_0012,M-Pesa EthSwitch Integration,2025-10-27,USG_P2P_COUNT,0,0.0,1.275,3.0
IMP_0012,M-Pesa EthSwitch Integration,2025-10-27,USG_P2P_COUNT,1,0.3614225790184187,1.275,3.0
IMP_0012,M-Pesa EthSwitch Integration,2025-10-27,USG_P2P_COUNT,2,0.6203931732334451,1.275,3.0
IMP_0012,M-Pesa EthSwitch Integration,2025-10-27,USG_P2P_COUNT,3,0.805953712506411,1.275,3.0
IMP_0012,M-Pesa EthSwitch Integration,2025-10-27,USG_P2P_COUNT,4,0.9389136489024483,1.275,3.0
IMP_0012,M-Pesa EthSwitch Integration,2025-10-27,USG_P2P_COUNT,5,1.0341836063821086,1.275,3.0
IMP_0012,M-Pesa EthSwitch Integration,2025-10-27,USG_P2P_COUNT,6,1.1024475138733187,1.275,3.0
IMP_0012,M-Pesa EthSwitch Integration,2025-10-27,USG_P2P_COUNT,7,1.1513607409728834,1.275,3.0
IMP_0012,M-Pesa EthSwitch Integration,2025-10-27,USG_P2P_COUNT,8,1.186408599690928,1.275,3.0
IMP_0012,M-Pesa EthSwitch Integration,2025-10-27,USG_P2P_COUNT,9,1.2115214878309735,1.275,3.0
IMP_0012,M-Pesa EthSwitch Integration,2025-10-27,USG_P2P_COUNT,10,1.229515658482253,1.275,3.0
IMP_0012,M-Pesa EthSwitch Integration,2025-10-27,USG_P2P_COUNT,11,1.242409045161703,1.275,3.0
IMP_0012,M-Pesa EthSwitch Integration,2025-10-27,USG_P2P_COUNT,12,1.2516475604168638,1.275,3.0
IMP_0012,M-Pesa EthSwitch Integration,2025-10-27,USG_P2P_COUNT,13,1.2582672458604,1.275,3.0
IMP_0012,M-Pesa EthSwitch Integration,2025-10-27,USG_P2P_COUNT,14,1.2630104577468435,1.275,3.0
IMP_0012,M-Pesa EthSwitch Integration,2025-10-27,USG_P2P_COUNT,15,1.266409117576166,1.275,3.0
IMP_0012,M-Pesa EthSwitch Integration,2025-10-27,USG_P2P_COUNT,16,1.2688443637578648,1.275,3.0
IMP_0012,M-Pesa EthSwitch Integration,2025-10-27,USG_P2P_COUNT,17,1.2705892938960073,1.275,3.0
IMP_0012,M-Pesa EthSwitch Integration,2025-10-27,USG_P2P_COUNT,18,1.2718395909747502,1.275,3.0
IMP_0012,M-Pesa EthSwitch Integration,2025-10-27,USG_P2P_COUNT,19,1.2727354679791885,1.275,3.0
IMP_0012,M-Pesa EthSwitch Integration,2025-10-27,USG_P2P_COUNT,20,1.2733773919032916,1.275,3.0
IMP_0012,M-Pesa EthSwitch Integration,2025-10-27,USG_P2P_COUNT,21,1.273837350493918,1.275,3.0
IMP_0012,M-Pesa EthSwitch Integration,2025-10-27,USG_P2P_COUNT,22,1.274166925225669,1.275,3.0
IMP_0012,M-Pesa EthSwitch Integration,2025-10-27,USG_P2P_COUNT,23,1.2744030758401426,1.275,3.0
IMP_0012,M-Pesa EthSwitch Integration,2025-10-27,USG_P2P_COUNT,24,1.2745722851494241,1.275,3.0
IMP_0012,M-Pesa EthSwitch Integration,2025-10-27,USG_P2P_COUNT,25,1.2746935289175652,1.275,3.0
IMP_0012,M-Pesa EthSwitch Integration,2025-10-27,USG_P2P_COUNT,26,1.2747804038736499,1.275,3.0
IMP_0012,M-Pesa EthSwitch Integration,2025-10-27,USG_P2P_COUNT,27,1.2748426524997893,1.275,3.0
IMP_0012,M-Pesa EthSwitch Integration,2025-10-27,USG_P2P_COUNT,28,1.2748872555894586,1.275,3.0
IMP_0012,M-Pesa EthSwitch Integration,2025-10-27,USG_P2P_COUNT,29,1.2749192150997548,1.275,3.0
IMP_0012,M-Pesa EthSwitch Integration,2025-10-27,USG_P2P_COUNT,30,1.2749421150895528,1.275,3.0
IMP_0012,M-Pesa EthSwitch Integration,2025-10-27,USG_P2P_COUNT,31,1.2749585236492547,1.275,3.0
IMP_0012,M-Pesa EthSwitch Integration,2025-10-27,USG_P2P_COUNT,32,1.2749702808960428,1.275,3.0
IMP_0012,M-Pesa EthSwitch Integration,2025-10-27,USG_P2P_COUNT,33,1.2749787053314923,1.275,3.0
IMP_0012,M-Pesa EthSwitch Integration,2025-10-27,USG_P2P_COUNT,34,1.274984741703266,1.275,3.0
IMP_0012,M-Pesa EthSwitch Integration,2025-10-27,USG_P2P_COUNT,35,1.274989066952644,1.275,3.0
IMP_0012,M-Pesa EthSwitch Integration,2025-10-27,USG_P2P_COUNT,36,1.2749921661292494,1.275,3.0
IMP_0013,EthioPay Instant Payment System Launch,2025-12-18,USG_P2P_COUNT,0,0.0,1.275,6.0
IMP_0013,EthioPay Instant Payment System Launch,2025-12-18,USG_P2P_COUNT,1,0.19573580076446698,1.275,6.0
IMP_0013,EthioPay Instant Payment System Launch,2025-12-18,USG_P2P_COUNT,2,0.3614225790184187,1.275,6.0
IMP_0013,EthioPay Instant Payment System Launch,2025-12-18,USG_P2P_COUNT,3,0.5016734088663923,1.275,6.0
IMP_0013,EthioPay Instant Payment System Launch,2025-12-18,USG_P2P_COUNT,4,0.6203931732334451,1.275,6.0
IMP_0013,EthioPay Instant Payment System Launch,2025-12-18,USG_P2P_COUNT,5,0.7208872841534752,1.275,6.0
IMP_0013,EthioPay Instant Payment System Launch,2025-12-18,USG_P2P_COUNT,6,0.805953712506411,1.275,6.0
IMP_0013,EthioPay Instant Payment System Launch,2025-12-18,USG_P2P_COUNT,7,0.877960889508888,1.275,6.0
IMP_0013,EthioPay Instant Payment System Launch,2025-12-18,USG_P2P_COUNT,8,0.9389136489024483,1.275,6.0
IMP_0013,EthioPay Instant Payment System Launch,2025-12-18,USG_P2P_COUNT,9,0.9905090458107519,1.275,6.0
IMP_0013,EthioPay Instant Payment System Launch,2025-12-18,USG_P2P_COUNT,10,1.0341836063821086,1.275,6.0
IMP_0013,EthioPay Instant Payment System Launch,2025-12-18,USG_P2P_COUNT,11,1.0711533237483901,1.275,6.0
IMP_0013,EthioPay Instant Payment System Launch,2025-12-18,USG_P2P_COUNT,12,1.1024475138733187,1.275,6.0
IMP_0013,EthioPay Instant Payment System Launch,2025-12-18,USG_P2P_COUNT,13,1.1289374739093232,1.275,6.0
IMP_0013,EthioPay Instant Payment System Launch,2025-12-18,USG_P2P_COUNT,14,1.1513607409728834,1.275,6.0
IMP_0013,EthioPay Instant Payment System Launch,2025-12-18,USG_P2P_COUNT,15,1.1703416267545288,1.275,6.0
IMP_0013,EthioPay Instant Payment System Launch,2025-12-18,USG_P2P_COUNT,16,1.186408599690928,1.275,6.0
IMP_0013,EthioPay Instant Payment System Launch,2025-12-18,USG_P2P_COUNT,17,1.200008998655902,1.275,6.0
IMP_0013,EthioPay Instant Payment System Launch,2025-12-18,USG_P2P_COUNT,18,1.2115214878309735,1.275,6.0
IMP_0013,EthioPay Instant Payment System Launch,2025-12-18,USG_P2P_COUNT,19,1.2212665995256726,1.275,6.0
IMP_0013,EthioPay Instant Payment System Launch,2025-12-18,USG_P2P_COUNT,20,1.229515658482253,1.275,6.0
IMP_0013,EthioPay Instant Payment System Launch,2025-12-18,USG_P2P_COUNT,21,1.2364983361365438,1.275,6.0
IMP_0013,EthioPay Instant Payment System Launch,2025-12-18,USG_P2P_COUNT,22,1.242409045161703,1.275,6.0
IMP_0013,EthioPay Instant Payment System Launch,2025-12-18,USG_P2P_COUNT,23,1.2474123523326461,1.275,6.0
IMP_0013,EthioPay Instant Payment System Launch,2025-12-18,USG_P2P_COUNT,24,1.2516475604168638,1.275,6.0
IMP_0013,EthioPay Instant Payment System Launch,2025-12-18,USG_P2P_COUNT,25,1.255232586661263,1.275,6.0
IMP_0013,EthioPay Instant Payment System Launch,2025-12-18,USG_P2P_COUNT,26,1.2582672458604,1.275,6.0
IMP_0013,EthioPay Instant Payment System Launch,2025-12-18,USG_P2P_COUNT,27,1.260836029413741,1.275,6.0
IMP_0013,EthioPay Instant Payment System Launch,2025-12-18,USG_P2P_COUNT,28,1.2630104577468435,1.275,6.0
IMP_0013,EthioPay Instant Payment System Launch,2025-12-18,USG_P2P_COUNT,29,1.2648510715928991,1.275,6.0
IMP_0013,EthioPay Instant Payment System Launch,2025-12-18,USG_P2P_COUNT,30,1.266409117576166,1.275,6.0
IMP_0013,EthioPay Instant Payment System Launch,2025-12-18,USG_P2P_COUNT,31,1.2677279750275405,1.275,6.0
IMP_0013,EthioPay Instant Payment System Launch,2025-12-18,USG_P2P_COUNT,32,1.2688443637578648,1.275,6.0
IMP_0013,EthioPay Instant Payment System Launch,2025-12-18,USG_P2P_COUNT,33,1.2697893664159583,1.275,6.0
IMP_0013,EthioPay Instant Payment System Launch,2025-12-18,USG_P2P_COUNT,34,1.2705892938960073,1.275,6.0
IMP_0013,EthioPay Instant Payment System Launch,2025-12-18,USG_P2P_COUNT,35,1.2712664178891067,1.275,6.0
IMP_0013,EthioPay Instant Payment System Launch,2025-12-18,USG_P2P_COUNT,36,1.2718395909747502,1.275,6.0
IMP_0014,Safaricom Ethiopia Price Increase,2025-12-15,AFF_DATA_INCOME,0,0.0,1.0,1.0
IMP_0014,Safaricom Ethiopia Price Increase,2025-12-15,AFF_DATA_INCOME,1,0.6321205588285577,1.0,1.0
IMP_0014,Safaricom Ethiopia Price Increase,2025-12-15,AFF_DATA_INCOME,2,0.8646647167633873,1.0,1.0
IMP_0014,Safaricom Ethiopia Price Increase,2025-12-15,AFF_DATA_INCOME,3,0.950212931632136,1.0,1.0
IMP_0014,Safaricom Ethiopia Price Increase,2025-12-15,AFF_DATA_INCOME,4,0.9816843611112658,1.0,1.0
IMP_0014,Safaricom Ethiopia Price Increase,2025-12-15,AFF_DATA_INCOME,5,0.9932620530009145,1.0,1.0
IMP_0014,Safaricom Ethiopia Price Increase,2025-12-15,AFF_DATA_INCOME,6,0.9975212478233336,1.0,1.0
IMP_0014,Safaricom Ethiopia Price Increase,2025-12-15,AFF_DATA_INCOME,7,0.9990881180344455,1.0,1.0
IMP_0014,Safaricom Ethiopia Price Increase,2025-12-15,AFF_DATA_INCOME,8,0.9996645373720975,1.0,1.0
IMP_0014,Safaricom Ethiopia Price Increase,2025-12-15,AFF_DATA_INCOME,9,0.9998765901959134,1.0,1.0
IMP_0014,Safaricom Ethiopia Price Increase,2025-12-15,AFF_DATA_INCOME,10,0.9999546000702375,1.0,1.0
IMP_0014,Safaricom Ethiopia Price Increase,2025-12-15,AFF_DATA_INCOME,11,0.9999832982992097,1.0,1.0
IMP_0014,Safaricom Ethiopia Price Increase,2025-12-15,AFF_DATA_INCOME,12,0.9999938557876467,1.0,1.0
IMP_0014,Safaricom Ethiopia Price Increase,2025-12-15,AFF_DATA_INCOME,13,0.999997739670593,1.0,1.0
IMP_0014,Safaricom Ethiopia Price Increase,2025-12-15,AFF_DATA_INCOME,14,0.9999991684712809,1.0,1.0
IMP_0014,Safaricom Ethiopia Price Increase,2025-12-15,AFF_DATA_INCOME,15,0.9999996940976795,1.0,1.0
IMP_0014,Safaricom Ethiopia Price Increase,2025-12-15,AFF_DATA_INCOME,16,0.9999998874648253,1.0,1.0
IMP_0014,Safaricom Ethiopia Price Increase,2025-12-15,AFF_DATA_INCOME,17,0.9999999586006229,1.0,1.0
IMP_0014,Safaricom Ethiopia Price Increase,2025-12-15,AFF_DATA_INCOME,18,0.9999999847700203,1.0,1.0
IMP_0014,Safaricom Ethiopia Price Increase,2025-12-15,AFF_DATA_INCOME,19,0.9999999943972036,1.0,1.0
IMP_0014,Safaricom Ethiopia Price Increase,2025-12-15,AFF_DATA_INCOME,20,0.9999999979388464,1.0,1.0
IMP_0014,Safaricom Ethiopia Price Increase,2025-12-15,AFF_DATA_INCOME,21,0.999999999241744,1.0,1.0
IMP_0014,Safaricom Ethiopia Price Increase,2025-12-15,AFF_DATA_INCOME,22,0.9999999997210532,1.0,1.0
IMP_0014,Safaricom Ethiopia Price Increase,2025-12-15,AFF_DATA_INCOME,23,0.9999999998973812,1.0,1.0
IMP_0014,Safaricom Ethiopia Price Increase,2025-12-15,AFF_DATA_INCOME,24,0.9999999999622486,1.0,1.0
IMP_0014,Safaricom Ethiopia Price Increase,2025-12-15,AFF_DATA_INCOME,25,0.9999999999861121,1.0,1.0
IMP_0014,Safaricom Ethiopia Price Increase,2025-12-15,AFF_DATA_INCOME,26,0.9999999999948909,1.0,1.0
IMP_0014,Safaricom Ethiopia Price Increase,2025-12-15,AFF_DATA_INCOME,27,0.9999999999981205,1.0,1.0
IMP_0014,Safaricom Ethiopia Price Increase,2025-12-15,AFF_DATA_INCOME,28,0.9999999999993086,1.0,1.0
IMP_0014,Safaricom Ethiopia Price Increase,2025-12-15,AFF_DATA_INCOME,29,0.9999999999997456,1.0,1.0
IMP_0014,Safaricom Ethiopia Price Increase,2025-12-15,AFF_DATA_INCOME,30,0.9999999999999064,1.0,1.0
IMP_0014,Safaricom Ethiopia Price Increase,2025-12-15,AFF_DATA_INCOME,31,0.9999999999999656,1.0,1.0
IMP_0014,Safaricom Ethiopia Price Increase,2025-12-15,AFF_DATA_INCOME,32,0.9999999999999873,1.0,1.0
IMP_0014,Safaricom Ethiopia Price Increase,2025-12-15,AFF_DATA_INCOME,33,0.9999999999999953,1.0,1.0
IMP_0014,Safaricom Ethiopia Price Increase,2025-12-15,AFF_DATA_INCOME,34,0.9999999999999983,1.0,1.0
IMP_0014,Safaricom Ethiopia Price Increase,2025-12-15,AFF_DATA_INCOME,35,0.9999999999999993,1.0,1.0
IMP_0014,Safaricom Ethiopia Price Increase,2025-12-15,AFF_DATA_INCOME,36,0.9999999999999998,1.0,1.0
ENR_IMP_001,National Digital Payments Strategy Phase Two Launch,,USG_DIGITAL_PAYMENT,0,0.0,0.9750000000000001,12.0
ENR_IMP_001,National Digital Payments Strategy Phase Two Launch,,USG_DIGITAL_PAYMENT,1,0.0779566957364098,0.9750000000000001,12.0
ENR_IMP_001,National Digital Payments Strategy Phase Two Launch,,USG_DIGITAL_PAYMENT,2,0.14968031823165123,0.9750000000000001,12.0
ENR_IMP_001,National Digital Payments Strategy Phase Two Launch,,USG_DIGITAL_PAYMENT,3,0.21566923650538025,0.9750000000000001,12.0
ENR_IMP_001,National Digital Payments Strategy Phase Two Launch,,USG_DIGITAL_PAYMENT,4,0.2763819721905555,0.9750000000000001,12.0
ENR_IMP_001,National Digital Payments Strategy Phase Two Launch,,USG_DIGITAL_PAYMENT,5,0.33224038555456736,0.9750000000000001,12.0
ENR_IMP_001,National Digital Payments Strategy Phase Two Launch,,USG_DIGITAL_PAYMENT,6,0.38363260678018246,0.9750000000000001,12.0
ENR_IMP_001,National Digital Payments Strategy Phase Two Launch,,USG_DIGITAL_PAYMENT,7,0.43091573287420415,0.9750000000000001,12.0
ENR_IMP_001,National Digital Payments Strategy Phase Two Launch,,USG_DIGITAL_PAYMENT,8,0.47441830894322284,0.9750000000000001,12.0
ENR_IMP_001,National Digital Payments Strategy Phase Two Launch,,USG_DIGITAL_PAYMENT,9,0.5144426110775108,0.9750000000000001,12.0
ENR_IMP_001,National Digital Payments Strategy Phase Two Launch,,USG_DIGITAL_PAYMENT,10,0.5512667467055988,0.9750000000000001,12.0
ENR_IMP_001,National Digital Payments Strategy Phase Two Launch,,USG_DIGITAL_PAYMENT,11,0.5851465870137739,0.9750000000000001,12.0
ENR_IMP_001,National Digital Payments Strategy Phase Two Launch,,USG_DIGITAL_PAYMENT,12,0.6163175448578437,0.9750000000000001,12.0
ENR_IMP_001,National Digital Payments Strategy Phase Two Launch,,USG_DIGITAL_PAYMENT,13,0.6449962105209264,0.9750000000000001,12.0
ENR_IMP_001,National Digital Payments Strategy Phase Two Launch,,USG_DIGITAL_PAYMENT,14,0.6713818566832673,0.9750000000000001,12.0
ENR_IMP_001,National Digital Payments Strategy Phase Two Launch,,USG_DIGITAL_PAYMENT,15,0.6956578230613146,0.9750000000000001,12.0
ENR_IMP_001,National Digital Payments Strategy Phase Two Launch,,USG_DIGITAL_PAYMENT,16,0.7179927903371666,0.9750000000000001,12.0
ENR_IMP_001,National Digital Payments Strategy Phase Two Launch,,USG_DIGITAL_PAYMENT,17,0.7385419522302427,0.9750000000000001,12.0
ENR_IMP_001,National Digital Payments Strategy Phase Two Launch,,USG_DIGITAL_PAYMENT,18,0.757448093855281,0.9750000000000001,12.0
ENR_IMP_001,National Digital Payments Strategy Phase Two Launch,,USG_DIGITAL_PAYMENT,19,0.7748425838595886,0.9750000000000001,12.0
ENR_IMP_001,National Digital Payments Strategy Phase Two Launch,,USG_DIGITAL_PAYMENT,20,0.7908462872333774,0.9750000000000001,12.0
ENR_IMP_001,National Digital Payments Strategy Phase Two Launch,,USG_DIGITAL_PAYMENT,21,0.805570405135816,0.9750000000000001,12.0
ENR_IMP_001,National Digital Payments Strategy Phase Two Launch,,USG_DIGITAL_PAYMENT,22,0.8191172475722985,0.9750000000000001,12.0
ENR_IMP_001,National Digital Payments Strategy Phase Two Launch,,USG_DIGITAL_PAYMENT,23,0.8315809442918477,0.9750000000000001,12.0
ENR_IMP_001,National Digital Payments Strategy Phase Two Launch,,USG_DIGITAL_PAYMENT,24,0.8430480988443027,0.9750000000000001,12.0
ENR_IMP_001,National Digital Payments Strategy Phase Two Launch,,USG_DIGITAL_PAYMENT,25,0.8535983903419802,0.9750000000000001,12.0
ENR_IMP_001,National Digital Payments Strategy Phase Two Launch,,USG_DIGITAL_PAYMENT,26,0.8633051271071296,0.9750000000000001,12.0
ENR_IMP_001,National Digital Payments Strategy Phase Two Launch,,USG_DIGITAL_PAYMENT,27,0.8722357560521823,0.9750000000000001,12.0
ENR_IMP_001,National Digital Payments Strategy Phase Two Launch,,USG_DIGITAL_PAYMENT,28,0.8804523313322051,0.9750000000000001,12.0
ENR_IMP_001,National Digital Payments Strategy Phase Two Launch,,USG_DIGITAL_PAYMENT,29,0.8880119455259715,0.9750000000000001,12.0
ENR_IMP_001,National Digital Payments Strategy Phase Two Launch,,USG_DIGITAL_PAYMENT,30,0.8949671263416987,0.9750000000000001,12.0
ENR_IMP_001,National Digital Payments Strategy Phase Two Launch,,USG_DIGITAL_PAYMENT,31,0.9013662016039456,0.9750000000000001,12.0
ENR_IMP_001,National Digital Payments Strategy Phase Two Launch,,USG_DIGITAL_PAYMENT,32,0.9072536350577686,0.9750000000000001,12.0
ENR_IMP_001,National Digital Payments Strategy Phase Two Launch,,USG_DIGITAL_PAYMENT,33,0.9126703353234602,0.9750000000000001,12.0
ENR_IMP_001,National Digital Payments Strategy Phase Two Launch,,USG_DIGITAL_PAYMENT,34,0.917653940148631,0.9750000000000001,12.0
ENR_IMP_001,National Digital Payments Strategy Phase Two Launch,,USG_DIGITAL_PAYMENT,35,0.9222390779327491,0.9750000000000001,12.0
ENR_IMP_001,National Digital Payments Strategy Phase Two Launch,,USG_DIGITAL_PAYMENT,36,0.9264576083413327,0.9750000000000001,12.0
